<?xml version="1.0" encoding="UTF-8"?>
<project-private xmlns="http://www.netbeans.org/ns/project-private/1">
    <editor-bookmarks xmlns="http://www.netbeans.org/ns/editor-bookmarks/2" lastBookmarkId="0"/>
    <open-files xmlns="http://www.netbeans.org/ns/projectui-open-files/2">
        <group>
            <file>file:/C:/Users/Ahmed/Documents/NetBeansProjects/SUPERMARKET%20MANAGEMENT%20SYSTEM/src/supermarket/management/system/Seller.java</file>
            <file>file:/C:/Users/Ahmed/Documents/NetBeansProjects/SUPERMARKET%20MANAGEMENT%20SYSTEM/src/supermarket/management/system/Login.java</file>
            <file>file:/C:/Users/Ahmed/Documents/NetBeansProjects/SUPERMARKET%20MANAGEMENT%20SYSTEM/src/supermarket/management/system/Products.java</file>
            <file>file:/C:/Users/Ahmed/Documents/NetBeansProjects/SUPERMARKET%20MANAGEMENT%20SYSTEM/src/supermarket/management/system/SUPERMARKETMANAGEMENTSYSTEM.java</file>
            <file>file:/C:/Users/Ahmed/Documents/NetBeansProjects/SUPERMARKET%20MANAGEMENT%20SYSTEM/src/supermarket/management/system/Splash.java</file>
            <file>file:/C:/Users/Ahmed/Documents/NetBeansProjects/SUPERMARKET%20MANAGEMENT%20SYSTEM/src/supermarket/management/system/UpdateAdmin.java</file>
            <file>file:/C:/Users/Ahmed/Documents/NetBeansProjects/SUPERMARKET%20MANAGEMENT%20SYSTEM/src/supermarket/management/system/Category.java</file>
            <file>file:/C:/Users/Ahmed/Documents/NetBeansProjects/SUPERMARKET%20MANAGEMENT%20SYSTEM/src/supermarket/management/system/Selling.java</file>
        </group>
    </open-files>
</project-private>
